<?xml version="1.0" encoding="UTF-8"?>
<!-- IMPORTANT: This is an internal file that has been generated
     by the Xilinx ISE software.  Any direct editing or
     changes made to this file may result in unpredictable
     behavior or data corruption.  It is strongly advised that
     users do not edit the contents of this file. -->
<DeviceUsageSummary rev="132">
<DesignStatistics TimeStamp="Sun May 28 19:00:29 2023"><group name="NetStatistics">
<item name="NumNets_Active" rev="132">
<attrib name="value" value="642"/></item>
<item name="NumNets_Gnd" rev="132">
<attrib name="value" value="1"/></item>
<item name="NumNets_Vcc" rev="132">
<attrib name="value" value="1"/></item>
<item name="NumNodesOfType_Active_BOUNCEACROSS" rev="132">
<attrib name="value" value="14"/></item>
<item name="NumNodesOfType_Active_BOUNCEIN" rev="132">
<attrib name="value" value="96"/></item>
<item name="NumNodesOfType_Active_BUFGOUT" rev="132">
<attrib name="value" value="2"/></item>
<item name="NumNodesOfType_Active_BUFHINP2OUT" rev="132">
<attrib name="value" value="9"/></item>
<item name="NumNodesOfType_Active_CLKPIN" rev="132">
<attrib name="value" value="161"/></item>
<item name="NumNodesOfType_Active_CLKPINFEED" rev="132">
<attrib name="value" value="14"/></item>
<item name="NumNodesOfType_Active_CNTRLPIN" rev="132">
<attrib name="value" value="158"/></item>
<item name="NumNodesOfType_Active_DOUBLE" rev="132">
<attrib name="value" value="614"/></item>
<item name="NumNodesOfType_Active_GENERIC" rev="132">
<attrib name="value" value="21"/></item>
<item name="NumNodesOfType_Active_GLOBAL" rev="132">
<attrib name="value" value="60"/></item>
<item name="NumNodesOfType_Active_INPUT" rev="132">
<attrib name="value" value="105"/></item>
<item name="NumNodesOfType_Active_IOBIN2OUT" rev="132">
<attrib name="value" value="16"/></item>
<item name="NumNodesOfType_Active_IOBOUTPUT" rev="132">
<attrib name="value" value="16"/></item>
<item name="NumNodesOfType_Active_LUTINPUT" rev="132">
<attrib name="value" value="1179"/></item>
<item name="NumNodesOfType_Active_OUTBOUND" rev="132">
<attrib name="value" value="622"/></item>
<item name="NumNodesOfType_Active_OUTPUT" rev="132">
<attrib name="value" value="640"/></item>
<item name="NumNodesOfType_Active_PADINPUT" rev="132">
<attrib name="value" value="12"/></item>
<item name="NumNodesOfType_Active_PADOUTPUT" rev="132">
<attrib name="value" value="5"/></item>
<item name="NumNodesOfType_Active_PINBOUNCE" rev="132">
<attrib name="value" value="462"/></item>
<item name="NumNodesOfType_Active_PINFEED" rev="132">
<attrib name="value" value="1488"/></item>
<item name="NumNodesOfType_Active_QUAD" rev="132">
<attrib name="value" value="162"/></item>
<item name="NumNodesOfType_Active_REGINPUT" rev="132">
<attrib name="value" value="177"/></item>
<item name="NumNodesOfType_Active_SINGLE" rev="132">
<attrib name="value" value="1003"/></item>
<item name="NumNodesOfType_Gnd_BOUNCEIN" rev="132">
<attrib name="value" value="23"/></item>
<item name="NumNodesOfType_Gnd_DOUBLE" rev="132">
<attrib name="value" value="2"/></item>
<item name="NumNodesOfType_Gnd_HGNDOUT" rev="132">
<attrib name="value" value="13"/></item>
<item name="NumNodesOfType_Gnd_INPUT" rev="132">
<attrib name="value" value="8"/></item>
<item name="NumNodesOfType_Gnd_LUTINPUT" rev="132">
<attrib name="value" value="8"/></item>
<item name="NumNodesOfType_Gnd_OUTBOUND" rev="132">
<attrib name="value" value="2"/></item>
<item name="NumNodesOfType_Gnd_OUTPUT" rev="132">
<attrib name="value" value="3"/></item>
<item name="NumNodesOfType_Gnd_PINBOUNCE" rev="132">
<attrib name="value" value="40"/></item>
<item name="NumNodesOfType_Gnd_PINFEED" rev="132">
<attrib name="value" value="15"/></item>
<item name="NumNodesOfType_Gnd_REGINPUT" rev="132">
<attrib name="value" value="35"/></item>
<item name="NumNodesOfType_Gnd_SINGLE" rev="132">
<attrib name="value" value="3"/></item>
<item name="NumNodesOfType_Vcc_CNTRLPIN" rev="132">
<attrib name="value" value="2"/></item>
<item name="NumNodesOfType_Vcc_HVCCOUT" rev="132">
<attrib name="value" value="67"/></item>
<item name="NumNodesOfType_Vcc_INPUT" rev="132">
<attrib name="value" value="65"/></item>
<item name="NumNodesOfType_Vcc_KVCCOUT" rev="132">
<attrib name="value" value="38"/></item>
<item name="NumNodesOfType_Vcc_LUTINPUT" rev="132">
<attrib name="value" value="286"/></item>
<item name="NumNodesOfType_Vcc_PINBOUNCE" rev="132">
<attrib name="value" value="14"/></item>
<item name="NumNodesOfType_Vcc_PINFEED" rev="132">
<attrib name="value" value="343"/></item>
<item name="NumNodesOfType_Vcc_REGINPUT" rev="132">
<attrib name="value" value="4"/></item>
</group>
<group name="SiteStatistics">
<item name="BUFG-BUFGMUX" rev="132">
<attrib name="value" value="2"/></item>
<item name="IOB-IOBM" rev="132">
<attrib name="value" value="9"/></item>
<item name="IOB-IOBS" rev="132">
<attrib name="value" value="8"/></item>
<item name="SLICEL-SLICEM" rev="132">
<attrib name="value" value="12"/></item>
<item name="SLICEX-SLICEL" rev="132">
<attrib name="value" value="14"/></item>
<item name="SLICEX-SLICEM" rev="132">
<attrib name="value" value="30"/></item>
</group>
<group name="MiscellaneousStatistics">
<item name="AGG_BONDED_IO" rev="131">
<attrib name="value" value="17"/></item>
<item name="AGG_IO" rev="131">
<attrib name="value" value="17"/></item>
<item name="AGG_LOCED_IO" rev="131">
<attrib name="value" value="17"/></item>
<item name="AGG_SLICE" rev="131">
<attrib name="value" value="194"/></item>
<item name="NUM_BONDED_IOB" rev="131">
<attrib name="value" value="17"/></item>
<item name="NUM_BSCAN" rev="131">
<attrib name="value" value="1"/></item>
<item name="NUM_BSFULL" rev="131">
<attrib name="value" value="226"/></item>
<item name="NUM_BSLUTONLY" rev="131">
<attrib name="value" value="168"/></item>
<item name="NUM_BSREGONLY" rev="131">
<attrib name="value" value="104"/></item>
<item name="NUM_BSUSED" rev="131">
<attrib name="value" value="498"/></item>
<item name="NUM_BUFG" rev="131">
<attrib name="value" value="2"/></item>
<item name="NUM_LOCED_IOB" rev="131">
<attrib name="value" value="17"/></item>
<item name="NUM_LOGIC_O5ANDO6" rev="131">
<attrib name="value" value="20"/></item>
<item name="NUM_LOGIC_O5ONLY" rev="131">
<attrib name="value" value="84"/></item>
<item name="NUM_LOGIC_O6ONLY" rev="131">
<attrib name="value" value="189"/></item>
<item name="NUM_LUT_RT_DRIVES_CARRY4" rev="131">
<attrib name="value" value="8"/></item>
<item name="NUM_LUT_RT_DRIVES_FLOP" rev="131">
<attrib name="value" value="28"/></item>
<item name="NUM_LUT_RT_EXO5" rev="131">
<attrib name="value" value="28"/></item>
<item name="NUM_LUT_RT_EXO6" rev="131">
<attrib name="value" value="8"/></item>
<item name="NUM_LUT_RT_O5" rev="131">
<attrib name="value" value="2"/></item>
<item name="NUM_LUT_RT_O6" rev="131">
<attrib name="value" value="84"/></item>
<item name="NUM_RAMB16BWER" rev="131">
<attrib name="value" value="1"/></item>
<item name="NUM_RPM" rev="131">
<attrib name="value" value="9"/></item>
<item name="NUM_SLICEL" rev="131">
<attrib name="value" value="37"/></item>
<item name="NUM_SLICEM" rev="131">
<attrib name="value" value="30"/></item>
<item name="NUM_SLICEX" rev="131">
<attrib name="value" value="127"/></item>
<item name="NUM_SLICE_CARRY4" rev="131">
<attrib name="value" value="40"/></item>
<item name="NUM_SLICE_CONTROLSET" rev="131">
<attrib name="value" value="59"/></item>
<item name="NUM_SLICE_CYINIT" rev="131">
<attrib name="value" value="520"/></item>
<item name="NUM_SLICE_F7MUX" rev="131">
<attrib name="value" value="12"/></item>
<item name="NUM_SLICE_F8MUX" rev="131">
<attrib name="value" value="3"/></item>
<item name="NUM_SLICE_FF" rev="131">
<attrib name="value" value="369"/></item>
<item name="NUM_SLICE_LATCH" rev="131">
<attrib name="value" value="1"/></item>
<item name="NUM_SLICE_UNUSEDCTRL" rev="131">
<attrib name="value" value="33"/></item>
<item name="NUM_SRL_O5ANDO6" rev="131">
<attrib name="value" value="8"/></item>
<item name="NUM_SRL_O5ONLY" rev="131">
<attrib name="value" value="1"/></item>
<item name="NUM_SRL_O6ONLY" rev="131">
<attrib name="value" value="56"/></item>
<item name="NUM_UNUSABLE_FF_BELS" rev="131">
<attrib name="value" value="293"/></item>
<item name="Xilinx Core chipscope_icon_v1_06_a, Xilinx CORE Generator 14.7" rev="131">
<attrib name="value" value="1"/></item>
<item name="Xilinx Core chipscope_ila_v1_05_a, Xilinx CORE Generator 14.7" rev="131">
<attrib name="value" value="1"/></item>
</group>
</DesignStatistics>
<DeviceUsage TimeStamp="Sun May 28 19:00:29 2023"><group name="SiteSummary">
<item name="BSCAN" rev="132">
<attrib name="total" value="1000000"/><attrib name="used" value="1"/></item>
<item name="BSCAN_BSCAN" rev="132">
<attrib name="total" value="1000000"/><attrib name="used" value="1"/></item>
<item name="BUFG" rev="132">
<attrib name="total" value="1000000"/><attrib name="used" value="2"/></item>
<item name="BUFG_BUFG" rev="132">
<attrib name="total" value="1000000"/><attrib name="used" value="2"/></item>
<item name="CARRY4" rev="132">
<attrib name="total" value="1000000"/><attrib name="used" value="40"/></item>
<item name="FF_SR" rev="132">
<attrib name="total" value="1000000"/><attrib name="used" value="41"/></item>
<item name="HARD0" rev="132">
<attrib name="total" value="1000000"/><attrib name="used" value="2"/></item>
<item name="HARD1" rev="132">
<attrib name="total" value="1000000"/><attrib name="used" value="10"/></item>
<item name="IOB" rev="132">
<attrib name="total" value="1000000"/><attrib name="used" value="17"/></item>
<item name="IOB_IMUX" rev="132">
<attrib name="total" value="1000000"/><attrib name="used" value="5"/></item>
<item name="IOB_INBUF" rev="132">
<attrib name="total" value="1000000"/><attrib name="used" value="5"/></item>
<item name="IOB_OUTBUF" rev="132">
<attrib name="total" value="1000000"/><attrib name="used" value="12"/></item>
<item name="LUT5" rev="132">
<attrib name="total" value="1000000"/><attrib name="used" value="134"/></item>
<item name="LUT6" rev="132">
<attrib name="total" value="1000000"/><attrib name="used" value="296"/></item>
<item name="LUT_OR_MEM5" rev="132">
<attrib name="total" value="1000000"/><attrib name="used" value="9"/></item>
<item name="LUT_OR_MEM6" rev="132">
<attrib name="total" value="1000000"/><attrib name="used" value="69"/></item>
<item name="PAD" rev="132">
<attrib name="total" value="1000000"/><attrib name="used" value="17"/></item>
<item name="RAMB16BWER" rev="132">
<attrib name="total" value="1000000"/><attrib name="used" value="1"/></item>
<item name="RAMB16BWER_RAMB16BWER" rev="132">
<attrib name="total" value="1000000"/><attrib name="used" value="1"/></item>
<item name="REG_SR" rev="132">
<attrib name="total" value="1000000"/><attrib name="used" value="329"/></item>
<item name="SELMUX2_1" rev="132">
<attrib name="total" value="1000000"/><attrib name="used" value="15"/></item>
<item name="SLICEL" rev="132">
<attrib name="total" value="1000000"/><attrib name="used" value="37"/></item>
<item name="SLICEM" rev="132">
<attrib name="total" value="1000000"/><attrib name="used" value="30"/></item>
<item name="SLICEX" rev="132">
<attrib name="total" value="1000000"/><attrib name="used" value="127"/></item>
</group>
</DeviceUsage>
<ReportConfigData TimeStamp="Sun May 28 19:00:29 2023"><group name="REG_SR">
<item name="CK" rev="132">
<attrib name="CK" value="328"/><attrib name="CK_INV" value="1"/></item>
<item name="LATCH_OR_FF" rev="132">
<attrib name="FF" value="328"/><attrib name="LATCH" value="1"/></item>
<item name="SRINIT" rev="132">
<attrib name="SRINIT0" value="283"/><attrib name="SRINIT1" value="46"/></item>
<item name="SYNC_ATTR" rev="132">
<attrib name="ASYNC" value="154"/><attrib name="SYNC" value="175"/></item>
</group>
<group name="LUT_OR_MEM5">
<item name="CLK" rev="132">
<attrib name="CLK" value="9"/><attrib name="CLK_INV" value="0"/></item>
<item name="LUT_OR_MEM" rev="132">
<attrib name="RAM" value="9"/></item>
<item name="RAMMODE" rev="132">
<attrib name="SRL16" value="9"/></item>
</group>
<group name="LUT_OR_MEM6">
<item name="CLK" rev="132">
<attrib name="CLK" value="64"/><attrib name="CLK_INV" value="0"/></item>
<item name="LUT_OR_MEM" rev="132">
<attrib name="LUT" value="5"/><attrib name="RAM" value="64"/></item>
<item name="RAMMODE" rev="132">
<attrib name="SRL16" value="32"/><attrib name="SRL32" value="32"/></item>
</group>
<group name="SLICEL">
<item name="CLK" rev="132">
<attrib name="CLK" value="28"/><attrib name="CLK_INV" value="0"/></item>
</group>
<group name="SLICEM">
<item name="CLK" rev="132">
<attrib name="CLK" value="30"/><attrib name="CLK_INV" value="0"/></item>
</group>
<group name="IOB_OUTBUF">
<item name="DRIVEATTRBOX" rev="132">
<attrib name="12" value="12"/></item>
<item name="SLEW" rev="132">
<attrib name="SLOW" value="12"/></item>
<item name="SUSPEND" rev="132">
<attrib name="3STATE" value="12"/></item>
</group>
<group name="SLICEX">
<item name="CLK" rev="132">
<attrib name="CLK" value="102"/><attrib name="CLK_INV" value="1"/></item>
</group>
<group name="BSCAN_BSCAN">
<item name="JTAG_CHAIN" rev="132">
<attrib name="1" value="1"/></item>
<item name="JTAG_TEST" rev="132">
<attrib name="0" value="1"/></item>
</group>
<group name="OLOGIC2">
<item name="CLK0" rev="39">
<attrib name="CLK0_INV" value="3"/><attrib name="CLK0" value="0"/></item>
</group>
<group name="RAMB16BWER">
<item name="CLKA" rev="132">
<attrib name="CLKA_INV" value="0"/><attrib name="CLKA" value="1"/></item>
<item name="CLKB" rev="132">
<attrib name="CLKB_INV" value="0"/><attrib name="CLKB" value="1"/></item>
<item name="ENA" rev="132">
<attrib name="ENA_INV" value="0"/><attrib name="ENA" value="1"/></item>
<item name="ENB" rev="132">
<attrib name="ENB_INV" value="0"/><attrib name="ENB" value="1"/></item>
<item name="REGCEA" rev="132">
<attrib name="REGCEA_INV" value="0"/><attrib name="REGCEA" value="1"/></item>
<item name="REGCEB" rev="132">
<attrib name="REGCEB_INV" value="0"/><attrib name="REGCEB" value="1"/></item>
<item name="RSTA" rev="132">
<attrib name="RSTA" value="1"/><attrib name="RSTA_INV" value="0"/></item>
<item name="RSTB" rev="132">
<attrib name="RSTB" value="1"/><attrib name="RSTB_INV" value="0"/></item>
<item name="WEA0" rev="132">
<attrib name="WEA0" value="1"/><attrib name="WEA0_INV" value="0"/></item>
<item name="WEA1" rev="132">
<attrib name="WEA1" value="1"/><attrib name="WEA1_INV" value="0"/></item>
<item name="WEA2" rev="132">
<attrib name="WEA2" value="1"/><attrib name="WEA2_INV" value="0"/></item>
<item name="WEA3" rev="132">
<attrib name="WEA3_INV" value="0"/><attrib name="WEA3" value="1"/></item>
<item name="WEB0" rev="132">
<attrib name="WEB0" value="1"/><attrib name="WEB0_INV" value="0"/></item>
<item name="WEB1" rev="132">
<attrib name="WEB1" value="1"/><attrib name="WEB1_INV" value="0"/></item>
<item name="WEB2" rev="132">
<attrib name="WEB2_INV" value="0"/><attrib name="WEB2" value="1"/></item>
<item name="WEB3" rev="132">
<attrib name="WEB3" value="1"/><attrib name="WEB3_INV" value="0"/></item>
</group>
<group name="RAMB8BWER">
<item name="CLKAWRCLK" rev="25">
<attrib name="CLKAWRCLK" value="1"/><attrib name="CLKAWRCLK_INV" value="0"/></item>
<item name="CLKBRDCLK" rev="25">
<attrib name="CLKBRDCLK_INV" value="0"/><attrib name="CLKBRDCLK" value="1"/></item>
<item name="ENAWREN" rev="25">
<attrib name="ENAWREN" value="1"/><attrib name="ENAWREN_INV" value="0"/></item>
<item name="ENBRDEN" rev="25">
<attrib name="ENBRDEN_INV" value="0"/><attrib name="ENBRDEN" value="1"/></item>
<item name="REGCEA" rev="25">
<attrib name="REGCEA_INV" value="0"/><attrib name="REGCEA" value="1"/></item>
<item name="REGCEBREGCE" rev="25">
<attrib name="REGCEBREGCE_INV" value="0"/><attrib name="REGCEBREGCE" value="1"/></item>
<item name="RSTA" rev="25">
<attrib name="RSTA" value="1"/><attrib name="RSTA_INV" value="0"/></item>
<item name="RSTBRST" rev="25">
<attrib name="RSTBRST" value="1"/><attrib name="RSTBRST_INV" value="0"/></item>
<item name="WEAWEL0" rev="25">
<attrib name="WEAWEL0" value="1"/><attrib name="WEAWEL0_INV" value="0"/></item>
<item name="WEAWEL1" rev="25">
<attrib name="WEAWEL1_INV" value="0"/><attrib name="WEAWEL1" value="1"/></item>
<item name="WEBWEU0" rev="25">
<attrib name="WEBWEU0" value="1"/><attrib name="WEBWEU0_INV" value="0"/></item>
<item name="WEBWEU1" rev="25">
<attrib name="WEBWEU1" value="1"/><attrib name="WEBWEU1_INV" value="0"/></item>
</group>
<group name="OLOGIC2_OUTFF">
<item name="CK0" rev="39">
<attrib name="CK0_INV" value="3"/><attrib name="CK0" value="0"/></item>
<item name="OUTFFTYPE" rev="39">
<attrib name="LATCH" value="3"/></item>
<item name="SRINIT_OQ" rev="39">
<attrib name="0" value="3"/></item>
</group>
<group name="RAMB16BWER_RAMB16BWER">
<item name="CLKA" rev="132">
<attrib name="CLKA_INV" value="0"/><attrib name="CLKA" value="1"/></item>
<item name="CLKB" rev="132">
<attrib name="CLKB_INV" value="0"/><attrib name="CLKB" value="1"/></item>
<item name="DATA_WIDTH_A" rev="132">
<attrib name="18" value="1"/></item>
<item name="DATA_WIDTH_B" rev="132">
<attrib name="18" value="1"/></item>
<item name="DOA_REG" rev="132">
<attrib name="0" value="1"/></item>
<item name="DOB_REG" rev="132">
<attrib name="0" value="1"/></item>
<item name="ENA" rev="132">
<attrib name="ENA_INV" value="0"/><attrib name="ENA" value="1"/></item>
<item name="ENB" rev="132">
<attrib name="ENB_INV" value="0"/><attrib name="ENB" value="1"/></item>
<item name="EN_RSTRAM_A" rev="132">
<attrib name="FALSE" value="1"/></item>
<item name="EN_RSTRAM_B" rev="132">
<attrib name="FALSE" value="1"/></item>
<item name="RAM_MODE" rev="132">
<attrib name="TDP" value="1"/></item>
<item name="REGCEA" rev="132">
<attrib name="REGCEA_INV" value="0"/><attrib name="REGCEA" value="1"/></item>
<item name="REGCEB" rev="132">
<attrib name="REGCEB_INV" value="0"/><attrib name="REGCEB" value="1"/></item>
<item name="RSTA" rev="132">
<attrib name="RSTA" value="1"/><attrib name="RSTA_INV" value="0"/></item>
<item name="RSTB" rev="132">
<attrib name="RSTB" value="1"/><attrib name="RSTB_INV" value="0"/></item>
<item name="RSTTYPE" rev="132">
<attrib name="SYNC" value="1"/></item>
<item name="RST_PRIORITY_A" rev="132">
<attrib name="CE" value="1"/></item>
<item name="RST_PRIORITY_B" rev="132">
<attrib name="CE" value="1"/></item>
<item name="WEA0" rev="132">
<attrib name="WEA0" value="1"/><attrib name="WEA0_INV" value="0"/></item>
<item name="WEA1" rev="132">
<attrib name="WEA1" value="1"/><attrib name="WEA1_INV" value="0"/></item>
<item name="WEA2" rev="132">
<attrib name="WEA2" value="1"/><attrib name="WEA2_INV" value="0"/></item>
<item name="WEA3" rev="132">
<attrib name="WEA3_INV" value="0"/><attrib name="WEA3" value="1"/></item>
<item name="WEB0" rev="132">
<attrib name="WEB0" value="1"/><attrib name="WEB0_INV" value="0"/></item>
<item name="WEB1" rev="132">
<attrib name="WEB1" value="1"/><attrib name="WEB1_INV" value="0"/></item>
<item name="WEB2" rev="132">
<attrib name="WEB2_INV" value="0"/><attrib name="WEB2" value="1"/></item>
<item name="WEB3" rev="132">
<attrib name="WEB3" value="1"/><attrib name="WEB3_INV" value="0"/></item>
<item name="WRITE_MODE_A" rev="132">
<attrib name="WRITE_FIRST" value="1"/></item>
<item name="WRITE_MODE_B" rev="132">
<attrib name="WRITE_FIRST" value="1"/></item>
</group>
<group name="FF_SR">
<item name="CK" rev="132">
<attrib name="CK" value="41"/><attrib name="CK_INV" value="0"/></item>
<item name="SRINIT" rev="132">
<attrib name="SRINIT0" value="25"/><attrib name="SRINIT1" value="16"/></item>
<item name="SYNC_ATTR" rev="132">
<attrib name="ASYNC" value="24"/><attrib name="SYNC" value="17"/></item>
</group>
<group name="RAMB8BWER_RAMB8BWER">
<item name="CLKAWRCLK" rev="25">
<attrib name="CLKAWRCLK" value="1"/><attrib name="CLKAWRCLK_INV" value="0"/></item>
<item name="CLKBRDCLK" rev="25">
<attrib name="CLKBRDCLK_INV" value="0"/><attrib name="CLKBRDCLK" value="1"/></item>
<item name="DATA_WIDTH_A" rev="25">
<attrib name="9" value="1"/></item>
<item name="DATA_WIDTH_B" rev="25">
<attrib name="9" value="1"/></item>
<item name="DOA_REG" rev="25">
<attrib name="0" value="1"/></item>
<item name="DOB_REG" rev="25">
<attrib name="0" value="1"/></item>
<item name="ENAWREN" rev="25">
<attrib name="ENAWREN" value="1"/><attrib name="ENAWREN_INV" value="0"/></item>
<item name="ENBRDEN" rev="25">
<attrib name="ENBRDEN_INV" value="0"/><attrib name="ENBRDEN" value="1"/></item>
<item name="EN_RSTRAM_A" rev="25">
<attrib name="FALSE" value="1"/></item>
<item name="EN_RSTRAM_B" rev="25">
<attrib name="FALSE" value="1"/></item>
<item name="RAM_MODE" rev="25">
<attrib name="TDP" value="1"/></item>
<item name="REGCEA" rev="25">
<attrib name="REGCEA_INV" value="0"/><attrib name="REGCEA" value="1"/></item>
<item name="REGCEBREGCE" rev="25">
<attrib name="REGCEBREGCE_INV" value="0"/><attrib name="REGCEBREGCE" value="1"/></item>
<item name="RSTA" rev="25">
<attrib name="RSTA" value="1"/><attrib name="RSTA_INV" value="0"/></item>
<item name="RSTBRST" rev="25">
<attrib name="RSTBRST" value="1"/><attrib name="RSTBRST_INV" value="0"/></item>
<item name="RSTTYPE" rev="25">
<attrib name="SYNC" value="1"/></item>
<item name="RST_PRIORITY_A" rev="25">
<attrib name="CE" value="1"/></item>
<item name="RST_PRIORITY_B" rev="25">
<attrib name="CE" value="1"/></item>
<item name="WEAWEL0" rev="25">
<attrib name="WEAWEL0" value="1"/><attrib name="WEAWEL0_INV" value="0"/></item>
<item name="WEAWEL1" rev="25">
<attrib name="WEAWEL1_INV" value="0"/><attrib name="WEAWEL1" value="1"/></item>
<item name="WEBWEU0" rev="25">
<attrib name="WEBWEU0" value="1"/><attrib name="WEBWEU0_INV" value="0"/></item>
<item name="WEBWEU1" rev="25">
<attrib name="WEBWEU1" value="1"/><attrib name="WEBWEU1_INV" value="0"/></item>
<item name="WRITE_MODE_A" rev="25">
<attrib name="WRITE_FIRST" value="1"/></item>
<item name="WRITE_MODE_B" rev="25">
<attrib name="WRITE_FIRST" value="1"/></item>
</group>
</ReportConfigData>
<ReportPinData TimeStamp="Sun May 28 19:00:29 2023"><group name="REG_SR">
<item name="CE" rev="132">
<attrib name="value" value="102"/></item>
<item name="CK" rev="132">
<attrib name="value" value="329"/></item>
<item name="D" rev="132">
<attrib name="value" value="329"/></item>
<item name="Q" rev="132">
<attrib name="value" value="329"/></item>
<item name="SR" rev="132">
<attrib name="value" value="223"/></item>
</group>
<group name="LUT_OR_MEM5">
<item name="A1" rev="132">
<attrib name="value" value="9"/></item>
<item name="A2" rev="132">
<attrib name="value" value="9"/></item>
<item name="A3" rev="132">
<attrib name="value" value="9"/></item>
<item name="A4" rev="132">
<attrib name="value" value="9"/></item>
<item name="A5" rev="132">
<attrib name="value" value="9"/></item>
<item name="CLK" rev="132">
<attrib name="value" value="9"/></item>
<item name="DI1" rev="132">
<attrib name="value" value="9"/></item>
<item name="O5" rev="132">
<attrib name="value" value="9"/></item>
<item name="WE" rev="132">
<attrib name="value" value="9"/></item>
</group>
<group name="LUT_OR_MEM6">
<item name="A1" rev="132">
<attrib name="value" value="67"/></item>
<item name="A2" rev="132">
<attrib name="value" value="68"/></item>
<item name="A3" rev="132">
<attrib name="value" value="68"/></item>
<item name="A4" rev="132">
<attrib name="value" value="69"/></item>
<item name="A5" rev="132">
<attrib name="value" value="69"/></item>
<item name="A6" rev="132">
<attrib name="value" value="69"/></item>
<item name="CLK" rev="132">
<attrib name="value" value="64"/></item>
<item name="DI1" rev="132">
<attrib name="value" value="32"/></item>
<item name="DI2" rev="132">
<attrib name="value" value="32"/></item>
<item name="MC31" rev="132">
<attrib name="value" value="53"/></item>
<item name="O6" rev="132">
<attrib name="value" value="69"/></item>
<item name="WE" rev="132">
<attrib name="value" value="64"/></item>
</group>
<group name="SLICEL">
<item name="A" rev="132">
<attrib name="value" value="1"/></item>
<item name="A1" rev="132">
<attrib name="value" value="4"/></item>
<item name="A2" rev="132">
<attrib name="value" value="4"/></item>
<item name="A3" rev="132">
<attrib name="value" value="5"/></item>
<item name="A4" rev="132">
<attrib name="value" value="25"/></item>
<item name="A5" rev="132">
<attrib name="value" value="13"/></item>
<item name="A6" rev="132">
<attrib name="value" value="32"/></item>
<item name="AMUX" rev="132">
<attrib name="value" value="7"/></item>
<item name="AQ" rev="132">
<attrib name="value" value="28"/></item>
<item name="AX" rev="132">
<attrib name="value" value="5"/></item>
<item name="B" rev="132">
<attrib name="value" value="1"/></item>
<item name="B1" rev="132">
<attrib name="value" value="5"/></item>
<item name="B2" rev="132">
<attrib name="value" value="5"/></item>
<item name="B3" rev="132">
<attrib name="value" value="6"/></item>
<item name="B4" rev="132">
<attrib name="value" value="25"/></item>
<item name="B5" rev="132">
<attrib name="value" value="12"/></item>
<item name="B6" rev="132">
<attrib name="value" value="27"/></item>
<item name="BMUX" rev="132">
<attrib name="value" value="8"/></item>
<item name="BQ" rev="132">
<attrib name="value" value="23"/></item>
<item name="BX" rev="132">
<attrib name="value" value="5"/></item>
<item name="C1" rev="132">
<attrib name="value" value="5"/></item>
<item name="C2" rev="132">
<attrib name="value" value="6"/></item>
<item name="C3" rev="132">
<attrib name="value" value="6"/></item>
<item name="C4" rev="132">
<attrib name="value" value="20"/></item>
<item name="C5" rev="132">
<attrib name="value" value="12"/></item>
<item name="C6" rev="132">
<attrib name="value" value="26"/></item>
<item name="CE" rev="132">
<attrib name="value" value="13"/></item>
<item name="CIN" rev="132">
<attrib name="value" value="26"/></item>
<item name="CLK" rev="132">
<attrib name="value" value="28"/></item>
<item name="CMUX" rev="132">
<attrib name="value" value="7"/></item>
<item name="COUT" rev="132">
<attrib name="value" value="22"/></item>
<item name="CQ" rev="132">
<attrib name="value" value="18"/></item>
<item name="CX" rev="132">
<attrib name="value" value="6"/></item>
<item name="D1" rev="132">
<attrib name="value" value="5"/></item>
<item name="D2" rev="132">
<attrib name="value" value="6"/></item>
<item name="D3" rev="132">
<attrib name="value" value="6"/></item>
<item name="D4" rev="132">
<attrib name="value" value="20"/></item>
<item name="D5" rev="132">
<attrib name="value" value="12"/></item>
<item name="D6" rev="132">
<attrib name="value" value="25"/></item>
<item name="DMUX" rev="132">
<attrib name="value" value="6"/></item>
<item name="DQ" rev="132">
<attrib name="value" value="18"/></item>
<item name="DX" rev="132">
<attrib name="value" value="3"/></item>
<item name="SR" rev="132">
<attrib name="value" value="28"/></item>
</group>
<group name="SLICEM">
<item name="A" rev="132">
<attrib name="value" value="18"/></item>
<item name="A1" rev="132">
<attrib name="value" value="30"/></item>
<item name="A2" rev="132">
<attrib name="value" value="30"/></item>
<item name="A3" rev="132">
<attrib name="value" value="30"/></item>
<item name="A4" rev="132">
<attrib name="value" value="30"/></item>
<item name="A5" rev="132">
<attrib name="value" value="30"/></item>
<item name="A6" rev="132">
<attrib name="value" value="30"/></item>
<item name="AI" rev="132">
<attrib name="value" value="19"/></item>
<item name="AMUX" rev="132">
<attrib name="value" value="6"/></item>
<item name="AQ" rev="132">
<attrib name="value" value="3"/></item>
<item name="AX" rev="132">
<attrib name="value" value="14"/></item>
<item name="B" rev="132">
<attrib name="value" value="2"/></item>
<item name="B1" rev="132">
<attrib name="value" value="13"/></item>
<item name="B2" rev="132">
<attrib name="value" value="13"/></item>
<item name="B3" rev="132">
<attrib name="value" value="13"/></item>
<item name="B4" rev="132">
<attrib name="value" value="14"/></item>
<item name="B5" rev="132">
<attrib name="value" value="14"/></item>
<item name="B6" rev="132">
<attrib name="value" value="14"/></item>
<item name="BI" rev="132">
<attrib name="value" value="2"/></item>
<item name="BMUX" rev="132">
<attrib name="value" value="4"/></item>
<item name="BQ" rev="132">
<attrib name="value" value="3"/></item>
<item name="BX" rev="132">
<attrib name="value" value="11"/></item>
<item name="C" rev="132">
<attrib name="value" value="2"/></item>
<item name="C1" rev="132">
<attrib name="value" value="14"/></item>
<item name="C2" rev="132">
<attrib name="value" value="14"/></item>
<item name="C3" rev="132">
<attrib name="value" value="14"/></item>
<item name="C4" rev="132">
<attrib name="value" value="14"/></item>
<item name="C5" rev="132">
<attrib name="value" value="14"/></item>
<item name="C6" rev="132">
<attrib name="value" value="13"/></item>
<item name="CE" rev="132">
<attrib name="value" value="30"/></item>
<item name="CI" rev="132">
<attrib name="value" value="3"/></item>
<item name="CIN" rev="132">
<attrib name="value" value="1"/></item>
<item name="CLK" rev="132">
<attrib name="value" value="30"/></item>
<item name="CMUX" rev="132">
<attrib name="value" value="5"/></item>
<item name="COUT" rev="132">
<attrib name="value" value="5"/></item>
<item name="CQ" rev="132">
<attrib name="value" value="2"/></item>
<item name="CX" rev="132">
<attrib name="value" value="12"/></item>
<item name="D" rev="132">
<attrib name="value" value="1"/></item>
<item name="D1" rev="132">
<attrib name="value" value="11"/></item>
<item name="D2" rev="132">
<attrib name="value" value="12"/></item>
<item name="D3" rev="132">
<attrib name="value" value="12"/></item>
<item name="D4" rev="132">
<attrib name="value" value="12"/></item>
<item name="D5" rev="132">
<attrib name="value" value="12"/></item>
<item name="D6" rev="132">
<attrib name="value" value="12"/></item>
<item name="DI" rev="132">
<attrib name="value" value="8"/></item>
<item name="DMUX" rev="132">
<attrib name="value" value="26"/></item>
<item name="DQ" rev="132">
<attrib name="value" value="2"/></item>
<item name="DX" rev="132">
<attrib name="value" value="8"/></item>
<item name="SR" rev="132">
<attrib name="value" value="2"/></item>
</group>
<group name="IOB_OUTBUF">
<item name="IN" rev="132">
<attrib name="value" value="12"/></item>
<item name="OUT" rev="132">
<attrib name="value" value="12"/></item>
</group>
<group name="SLICEX">
<item name="A" rev="132">
<attrib name="value" value="38"/></item>
<item name="A1" rev="132">
<attrib name="value" value="23"/></item>
<item name="A2" rev="132">
<attrib name="value" value="35"/></item>
<item name="A3" rev="132">
<attrib name="value" value="43"/></item>
<item name="A4" rev="132">
<attrib name="value" value="56"/></item>
<item name="A5" rev="132">
<attrib name="value" value="71"/></item>
<item name="A6" rev="132">
<attrib name="value" value="67"/></item>
<item name="AMUX" rev="132">
<attrib name="value" value="17"/></item>
<item name="AQ" rev="132">
<attrib name="value" value="90"/></item>
<item name="AX" rev="132">
<attrib name="value" value="58"/></item>
<item name="B" rev="132">
<attrib name="value" value="30"/></item>
<item name="B1" rev="132">
<attrib name="value" value="14"/></item>
<item name="B2" rev="132">
<attrib name="value" value="17"/></item>
<item name="B3" rev="132">
<attrib name="value" value="31"/></item>
<item name="B4" rev="132">
<attrib name="value" value="37"/></item>
<item name="B5" rev="132">
<attrib name="value" value="52"/></item>
<item name="B6" rev="132">
<attrib name="value" value="46"/></item>
<item name="BMUX" rev="132">
<attrib name="value" value="10"/></item>
<item name="BQ" rev="132">
<attrib name="value" value="53"/></item>
<item name="BX" rev="132">
<attrib name="value" value="36"/></item>
<item name="C" rev="132">
<attrib name="value" value="16"/></item>
<item name="C1" rev="132">
<attrib name="value" value="9"/></item>
<item name="C2" rev="132">
<attrib name="value" value="13"/></item>
<item name="C3" rev="132">
<attrib name="value" value="16"/></item>
<item name="C4" rev="132">
<attrib name="value" value="20"/></item>
<item name="C5" rev="132">
<attrib name="value" value="39"/></item>
<item name="C6" rev="132">
<attrib name="value" value="32"/></item>
<item name="CE" rev="132">
<attrib name="value" value="25"/></item>
<item name="CLK" rev="132">
<attrib name="value" value="103"/></item>
<item name="CMUX" rev="132">
<attrib name="value" value="12"/></item>
<item name="CQ" rev="132">
<attrib name="value" value="44"/></item>
<item name="CX" rev="132">
<attrib name="value" value="28"/></item>
<item name="D" rev="132">
<attrib name="value" value="15"/></item>
<item name="D1" rev="132">
<attrib name="value" value="9"/></item>
<item name="D2" rev="132">
<attrib name="value" value="13"/></item>
<item name="D3" rev="132">
<attrib name="value" value="19"/></item>
<item name="D4" rev="132">
<attrib name="value" value="22"/></item>
<item name="D5" rev="132">
<attrib name="value" value="33"/></item>
<item name="D6" rev="132">
<attrib name="value" value="29"/></item>
<item name="DMUX" rev="132">
<attrib name="value" value="9"/></item>
<item name="DQ" rev="132">
<attrib name="value" value="45"/></item>
<item name="DX" rev="132">
<attrib name="value" value="30"/></item>
<item name="SR" rev="132">
<attrib name="value" value="62"/></item>
</group>
<group name="BSCAN">
<item name="DRCK" rev="132">
<attrib name="value" value="1"/></item>
<item name="SEL" rev="132">
<attrib name="value" value="1"/></item>
<item name="SHIFT" rev="132">
<attrib name="value" value="1"/></item>
<item name="TDI" rev="132">
<attrib name="value" value="1"/></item>
<item name="TDO" rev="132">
<attrib name="value" value="1"/></item>
<item name="UPDATE" rev="132">
<attrib name="value" value="1"/></item>
</group>
<group name="BUFG_BUFG">
<item name="I0" rev="132">
<attrib name="value" value="2"/></item>
<item name="O" rev="132">
<attrib name="value" value="2"/></item>
</group>
<group name="PAD">
<item name="PAD" rev="132">
<attrib name="value" value="17"/></item>
</group>
<group name="BSCAN_BSCAN">
<item name="DRCK" rev="132">
<attrib name="value" value="1"/></item>
<item name="SEL" rev="132">
<attrib name="value" value="1"/></item>
<item name="SHIFT" rev="132">
<attrib name="value" value="1"/></item>
<item name="TDI" rev="132">
<attrib name="value" value="1"/></item>
<item name="TDO" rev="132">
<attrib name="value" value="1"/></item>
<item name="UPDATE" rev="132">
<attrib name="value" value="1"/></item>
</group>
<group name="IOB_INBUF">
<item name="OUT" rev="132">
<attrib name="value" value="5"/></item>
<item name="PAD" rev="132">
<attrib name="value" value="5"/></item>
</group>
<group name="OLOGIC2">
<item name="CLK0" rev="39">
<attrib name="value" value="3"/></item>
<item name="D1" rev="39">
<attrib name="value" value="3"/></item>
<item name="OQ" rev="39">
<attrib name="value" value="3"/></item>
</group>
<group name="RAMB16BWER">
<item name="ADDRA0" rev="132">
<attrib name="value" value="1"/></item>
<item name="ADDRA1" rev="132">
<attrib name="value" value="1"/></item>
<item name="ADDRA10" rev="132">
<attrib name="value" value="1"/></item>
<item name="ADDRA11" rev="132">
<attrib name="value" value="1"/></item>
<item name="ADDRA12" rev="132">
<attrib name="value" value="1"/></item>
<item name="ADDRA13" rev="132">
<attrib name="value" value="1"/></item>
<item name="ADDRA2" rev="132">
<attrib name="value" value="1"/></item>
<item name="ADDRA3" rev="132">
<attrib name="value" value="1"/></item>
<item name="ADDRA4" rev="132">
<attrib name="value" value="1"/></item>
<item name="ADDRA5" rev="132">
<attrib name="value" value="1"/></item>
<item name="ADDRA6" rev="132">
<attrib name="value" value="1"/></item>
<item name="ADDRA7" rev="132">
<attrib name="value" value="1"/></item>
<item name="ADDRA8" rev="132">
<attrib name="value" value="1"/></item>
<item name="ADDRA9" rev="132">
<attrib name="value" value="1"/></item>
<item name="ADDRB0" rev="132">
<attrib name="value" value="1"/></item>
<item name="ADDRB1" rev="132">
<attrib name="value" value="1"/></item>
<item name="ADDRB10" rev="132">
<attrib name="value" value="1"/></item>
<item name="ADDRB11" rev="132">
<attrib name="value" value="1"/></item>
<item name="ADDRB12" rev="132">
<attrib name="value" value="1"/></item>
<item name="ADDRB13" rev="132">
<attrib name="value" value="1"/></item>
<item name="ADDRB2" rev="132">
<attrib name="value" value="1"/></item>
<item name="ADDRB3" rev="132">
<attrib name="value" value="1"/></item>
<item name="ADDRB4" rev="132">
<attrib name="value" value="1"/></item>
<item name="ADDRB5" rev="132">
<attrib name="value" value="1"/></item>
<item name="ADDRB6" rev="132">
<attrib name="value" value="1"/></item>
<item name="ADDRB7" rev="132">
<attrib name="value" value="1"/></item>
<item name="ADDRB8" rev="132">
<attrib name="value" value="1"/></item>
<item name="ADDRB9" rev="132">
<attrib name="value" value="1"/></item>
<item name="CLKA" rev="132">
<attrib name="value" value="1"/></item>
<item name="CLKB" rev="132">
<attrib name="value" value="1"/></item>
<item name="DIA0" rev="132">
<attrib name="value" value="1"/></item>
<item name="DIA1" rev="132">
<attrib name="value" value="1"/></item>
<item name="DIA10" rev="132">
<attrib name="value" value="1"/></item>
<item name="DIA11" rev="132">
<attrib name="value" value="1"/></item>
<item name="DIA12" rev="132">
<attrib name="value" value="1"/></item>
<item name="DIA13" rev="132">
<attrib name="value" value="1"/></item>
<item name="DIA14" rev="132">
<attrib name="value" value="1"/></item>
<item name="DIA15" rev="132">
<attrib name="value" value="1"/></item>
<item name="DIA16" rev="132">
<attrib name="value" value="1"/></item>
<item name="DIA17" rev="132">
<attrib name="value" value="1"/></item>
<item name="DIA18" rev="132">
<attrib name="value" value="1"/></item>
<item name="DIA19" rev="132">
<attrib name="value" value="1"/></item>
<item name="DIA2" rev="132">
<attrib name="value" value="1"/></item>
<item name="DIA20" rev="132">
<attrib name="value" value="1"/></item>
<item name="DIA21" rev="132">
<attrib name="value" value="1"/></item>
<item name="DIA22" rev="132">
<attrib name="value" value="1"/></item>
<item name="DIA23" rev="132">
<attrib name="value" value="1"/></item>
<item name="DIA24" rev="132">
<attrib name="value" value="1"/></item>
<item name="DIA25" rev="132">
<attrib name="value" value="1"/></item>
<item name="DIA26" rev="132">
<attrib name="value" value="1"/></item>
<item name="DIA27" rev="132">
<attrib name="value" value="1"/></item>
<item name="DIA28" rev="132">
<attrib name="value" value="1"/></item>
<item name="DIA29" rev="132">
<attrib name="value" value="1"/></item>
<item name="DIA3" rev="132">
<attrib name="value" value="1"/></item>
<item name="DIA30" rev="132">
<attrib name="value" value="1"/></item>
<item name="DIA31" rev="132">
<attrib name="value" value="1"/></item>
<item name="DIA4" rev="132">
<attrib name="value" value="1"/></item>
<item name="DIA5" rev="132">
<attrib name="value" value="1"/></item>
<item name="DIA6" rev="132">
<attrib name="value" value="1"/></item>
<item name="DIA7" rev="132">
<attrib name="value" value="1"/></item>
<item name="DIA8" rev="132">
<attrib name="value" value="1"/></item>
<item name="DIA9" rev="132">
<attrib name="value" value="1"/></item>
<item name="DIB0" rev="132">
<attrib name="value" value="1"/></item>
<item name="DIB1" rev="132">
<attrib name="value" value="1"/></item>
<item name="DIB10" rev="132">
<attrib name="value" value="1"/></item>
<item name="DIB11" rev="132">
<attrib name="value" value="1"/></item>
<item name="DIB12" rev="132">
<attrib name="value" value="1"/></item>
<item name="DIB13" rev="132">
<attrib name="value" value="1"/></item>
<item name="DIB14" rev="132">
<attrib name="value" value="1"/></item>
<item name="DIB15" rev="132">
<attrib name="value" value="1"/></item>
<item name="DIB16" rev="132">
<attrib name="value" value="1"/></item>
<item name="DIB17" rev="132">
<attrib name="value" value="1"/></item>
<item name="DIB18" rev="132">
<attrib name="value" value="1"/></item>
<item name="DIB19" rev="132">
<attrib name="value" value="1"/></item>
<item name="DIB2" rev="132">
<attrib name="value" value="1"/></item>
<item name="DIB20" rev="132">
<attrib name="value" value="1"/></item>
<item name="DIB21" rev="132">
<attrib name="value" value="1"/></item>
<item name="DIB22" rev="132">
<attrib name="value" value="1"/></item>
<item name="DIB23" rev="132">
<attrib name="value" value="1"/></item>
<item name="DIB24" rev="132">
<attrib name="value" value="1"/></item>
<item name="DIB25" rev="132">
<attrib name="value" value="1"/></item>
<item name="DIB26" rev="132">
<attrib name="value" value="1"/></item>
<item name="DIB27" rev="132">
<attrib name="value" value="1"/></item>
<item name="DIB28" rev="132">
<attrib name="value" value="1"/></item>
<item name="DIB29" rev="132">
<attrib name="value" value="1"/></item>
<item name="DIB3" rev="132">
<attrib name="value" value="1"/></item>
<item name="DIB30" rev="132">
<attrib name="value" value="1"/></item>
<item name="DIB31" rev="132">
<attrib name="value" value="1"/></item>
<item name="DIB4" rev="132">
<attrib name="value" value="1"/></item>
<item name="DIB5" rev="132">
<attrib name="value" value="1"/></item>
<item name="DIB6" rev="132">
<attrib name="value" value="1"/></item>
<item name="DIB7" rev="132">
<attrib name="value" value="1"/></item>
<item name="DIB8" rev="132">
<attrib name="value" value="1"/></item>
<item name="DIB9" rev="132">
<attrib name="value" value="1"/></item>
<item name="DIPA0" rev="132">
<attrib name="value" value="1"/></item>
<item name="DIPA1" rev="132">
<attrib name="value" value="1"/></item>
<item name="DIPA2" rev="132">
<attrib name="value" value="1"/></item>
<item name="DIPA3" rev="132">
<attrib name="value" value="1"/></item>
<item name="DIPB0" rev="132">
<attrib name="value" value="1"/></item>
<item name="DIPB1" rev="132">
<attrib name="value" value="1"/></item>
<item name="DIPB2" rev="132">
<attrib name="value" value="1"/></item>
<item name="DIPB3" rev="132">
<attrib name="value" value="1"/></item>
<item name="DOA0" rev="132">
<attrib name="value" value="1"/></item>
<item name="DOA1" rev="132">
<attrib name="value" value="1"/></item>
<item name="DOA10" rev="132">
<attrib name="value" value="1"/></item>
<item name="DOA11" rev="132">
<attrib name="value" value="1"/></item>
<item name="DOA12" rev="132">
<attrib name="value" value="1"/></item>
<item name="DOA13" rev="132">
<attrib name="value" value="1"/></item>
<item name="DOA14" rev="132">
<attrib name="value" value="1"/></item>
<item name="DOA2" rev="132">
<attrib name="value" value="1"/></item>
<item name="DOA3" rev="132">
<attrib name="value" value="1"/></item>
<item name="DOA4" rev="132">
<attrib name="value" value="1"/></item>
<item name="DOA5" rev="132">
<attrib name="value" value="1"/></item>
<item name="DOA6" rev="132">
<attrib name="value" value="1"/></item>
<item name="DOA7" rev="132">
<attrib name="value" value="1"/></item>
<item name="DOA8" rev="132">
<attrib name="value" value="1"/></item>
<item name="DOA9" rev="132">
<attrib name="value" value="1"/></item>
<item name="DOPA0" rev="132">
<attrib name="value" value="1"/></item>
<item name="ENA" rev="132">
<attrib name="value" value="1"/></item>
<item name="ENB" rev="132">
<attrib name="value" value="1"/></item>
<item name="REGCEA" rev="132">
<attrib name="value" value="1"/></item>
<item name="REGCEB" rev="132">
<attrib name="value" value="1"/></item>
<item name="RSTA" rev="132">
<attrib name="value" value="1"/></item>
<item name="RSTB" rev="132">
<attrib name="value" value="1"/></item>
<item name="WEA0" rev="132">
<attrib name="value" value="1"/></item>
<item name="WEA1" rev="132">
<attrib name="value" value="1"/></item>
<item name="WEA2" rev="132">
<attrib name="value" value="1"/></item>
<item name="WEA3" rev="132">
<attrib name="value" value="1"/></item>
<item name="WEB0" rev="132">
<attrib name="value" value="1"/></item>
<item name="WEB1" rev="132">
<attrib name="value" value="1"/></item>
<item name="WEB2" rev="132">
<attrib name="value" value="1"/></item>
<item name="WEB3" rev="132">
<attrib name="value" value="1"/></item>
</group>
<group name="RAMB8BWER">
<item name="ADDRAWRADDR0" rev="25">
<attrib name="value" value="1"/></item>
<item name="ADDRAWRADDR1" rev="25">
<attrib name="value" value="1"/></item>
<item name="ADDRAWRADDR10" rev="25">
<attrib name="value" value="1"/></item>
<item name="ADDRAWRADDR11" rev="25">
<attrib name="value" value="1"/></item>
<item name="ADDRAWRADDR12" rev="25">
<attrib name="value" value="1"/></item>
<item name="ADDRAWRADDR2" rev="25">
<attrib name="value" value="1"/></item>
<item name="ADDRAWRADDR3" rev="25">
<attrib name="value" value="1"/></item>
<item name="ADDRAWRADDR4" rev="25">
<attrib name="value" value="1"/></item>
<item name="ADDRAWRADDR5" rev="25">
<attrib name="value" value="1"/></item>
<item name="ADDRAWRADDR6" rev="25">
<attrib name="value" value="1"/></item>
<item name="ADDRAWRADDR7" rev="25">
<attrib name="value" value="1"/></item>
<item name="ADDRAWRADDR8" rev="25">
<attrib name="value" value="1"/></item>
<item name="ADDRAWRADDR9" rev="25">
<attrib name="value" value="1"/></item>
<item name="ADDRBRDADDR0" rev="25">
<attrib name="value" value="1"/></item>
<item name="ADDRBRDADDR1" rev="25">
<attrib name="value" value="1"/></item>
<item name="ADDRBRDADDR10" rev="25">
<attrib name="value" value="1"/></item>
<item name="ADDRBRDADDR11" rev="25">
<attrib name="value" value="1"/></item>
<item name="ADDRBRDADDR12" rev="25">
<attrib name="value" value="1"/></item>
<item name="ADDRBRDADDR2" rev="25">
<attrib name="value" value="1"/></item>
<item name="ADDRBRDADDR3" rev="25">
<attrib name="value" value="1"/></item>
<item name="ADDRBRDADDR4" rev="25">
<attrib name="value" value="1"/></item>
<item name="ADDRBRDADDR5" rev="25">
<attrib name="value" value="1"/></item>
<item name="ADDRBRDADDR6" rev="25">
<attrib name="value" value="1"/></item>
<item name="ADDRBRDADDR7" rev="25">
<attrib name="value" value="1"/></item>
<item name="ADDRBRDADDR8" rev="25">
<attrib name="value" value="1"/></item>
<item name="ADDRBRDADDR9" rev="25">
<attrib name="value" value="1"/></item>
<item name="CLKAWRCLK" rev="25">
<attrib name="value" value="1"/></item>
<item name="CLKBRDCLK" rev="25">
<attrib name="value" value="1"/></item>
<item name="DIADI0" rev="25">
<attrib name="value" value="1"/></item>
<item name="DIADI1" rev="25">
<attrib name="value" value="1"/></item>
<item name="DIADI10" rev="25">
<attrib name="value" value="1"/></item>
<item name="DIADI11" rev="25">
<attrib name="value" value="1"/></item>
<item name="DIADI12" rev="25">
<attrib name="value" value="1"/></item>
<item name="DIADI13" rev="25">
<attrib name="value" value="1"/></item>
<item name="DIADI14" rev="25">
<attrib name="value" value="1"/></item>
<item name="DIADI15" rev="25">
<attrib name="value" value="1"/></item>
<item name="DIADI2" rev="25">
<attrib name="value" value="1"/></item>
<item name="DIADI3" rev="25">
<attrib name="value" value="1"/></item>
<item name="DIADI4" rev="25">
<attrib name="value" value="1"/></item>
<item name="DIADI5" rev="25">
<attrib name="value" value="1"/></item>
<item name="DIADI6" rev="25">
<attrib name="value" value="1"/></item>
<item name="DIADI7" rev="25">
<attrib name="value" value="1"/></item>
<item name="DIADI8" rev="25">
<attrib name="value" value="1"/></item>
<item name="DIADI9" rev="25">
<attrib name="value" value="1"/></item>
<item name="DIBDI0" rev="25">
<attrib name="value" value="1"/></item>
<item name="DIBDI1" rev="25">
<attrib name="value" value="1"/></item>
<item name="DIBDI10" rev="25">
<attrib name="value" value="1"/></item>
<item name="DIBDI11" rev="25">
<attrib name="value" value="1"/></item>
<item name="DIBDI12" rev="25">
<attrib name="value" value="1"/></item>
<item name="DIBDI13" rev="25">
<attrib name="value" value="1"/></item>
<item name="DIBDI14" rev="25">
<attrib name="value" value="1"/></item>
<item name="DIBDI15" rev="25">
<attrib name="value" value="1"/></item>
<item name="DIBDI2" rev="25">
<attrib name="value" value="1"/></item>
<item name="DIBDI3" rev="25">
<attrib name="value" value="1"/></item>
<item name="DIBDI4" rev="25">
<attrib name="value" value="1"/></item>
<item name="DIBDI5" rev="25">
<attrib name="value" value="1"/></item>
<item name="DIBDI6" rev="25">
<attrib name="value" value="1"/></item>
<item name="DIBDI7" rev="25">
<attrib name="value" value="1"/></item>
<item name="DIBDI8" rev="25">
<attrib name="value" value="1"/></item>
<item name="DIBDI9" rev="25">
<attrib name="value" value="1"/></item>
<item name="DIPADIP0" rev="25">
<attrib name="value" value="1"/></item>
<item name="DIPADIP1" rev="25">
<attrib name="value" value="1"/></item>
<item name="DIPBDIP0" rev="25">
<attrib name="value" value="1"/></item>
<item name="DIPBDIP1" rev="25">
<attrib name="value" value="1"/></item>
<item name="DOADO0" rev="25">
<attrib name="value" value="1"/></item>
<item name="DOADO1" rev="25">
<attrib name="value" value="1"/></item>
<item name="ENAWREN" rev="25">
<attrib name="value" value="1"/></item>
<item name="ENBRDEN" rev="25">
<attrib name="value" value="1"/></item>
<item name="REGCEA" rev="25">
<attrib name="value" value="1"/></item>
<item name="REGCEBREGCE" rev="25">
<attrib name="value" value="1"/></item>
<item name="RSTA" rev="25">
<attrib name="value" value="1"/></item>
<item name="RSTBRST" rev="25">
<attrib name="value" value="1"/></item>
<item name="WEAWEL0" rev="25">
<attrib name="value" value="1"/></item>
<item name="WEAWEL1" rev="25">
<attrib name="value" value="1"/></item>
<item name="WEBWEU0" rev="25">
<attrib name="value" value="1"/></item>
<item name="WEBWEU1" rev="25">
<attrib name="value" value="1"/></item>
</group>
<group name="CARRY4">
<item name="CIN" rev="132">
<attrib name="value" value="27"/></item>
<item name="CO0" rev="132">
<attrib name="value" value="4"/></item>
<item name="CO3" rev="132">
<attrib name="value" value="27"/></item>
<item name="CYINIT" rev="132">
<attrib name="value" value="13"/></item>
<item name="DI0" rev="132">
<attrib name="value" value="35"/></item>
<item name="DI1" rev="132">
<attrib name="value" value="29"/></item>
<item name="DI2" rev="132">
<attrib name="value" value="29"/></item>
<item name="DI3" rev="132">
<attrib name="value" value="27"/></item>
<item name="O0" rev="132">
<attrib name="value" value="31"/></item>
<item name="O1" rev="132">
<attrib name="value" value="30"/></item>
<item name="O2" rev="132">
<attrib name="value" value="24"/></item>
<item name="O3" rev="132">
<attrib name="value" value="24"/></item>
<item name="S0" rev="132">
<attrib name="value" value="40"/></item>
<item name="S1" rev="132">
<attrib name="value" value="35"/></item>
<item name="S2" rev="132">
<attrib name="value" value="29"/></item>
<item name="S3" rev="132">
<attrib name="value" value="29"/></item>
</group>
<group name="OLOGIC2_OUTFF">
<item name="CK0" rev="39">
<attrib name="value" value="3"/></item>
<item name="D1" rev="39">
<attrib name="value" value="3"/></item>
<item name="Q" rev="39">
<attrib name="value" value="3"/></item>
</group>
<group name="LUT5">
<item name="A1" rev="132">
<attrib name="value" value="2"/></item>
<item name="A2" rev="132">
<attrib name="value" value="10"/></item>
<item name="A3" rev="132">
<attrib name="value" value="16"/></item>
<item name="A4" rev="132">
<attrib name="value" value="15"/></item>
<item name="A5" rev="132">
<attrib name="value" value="39"/></item>
<item name="O5" rev="132">
<attrib name="value" value="134"/></item>
</group>
<group name="LUT6">
<item name="A1" rev="132">
<attrib name="value" value="73"/></item>
<item name="A2" rev="132">
<attrib name="value" value="94"/></item>
<item name="A3" rev="132">
<attrib name="value" value="126"/></item>
<item name="A4" rev="132">
<attrib name="value" value="224"/></item>
<item name="A5" rev="132">
<attrib name="value" value="217"/></item>
<item name="A6" rev="132">
<attrib name="value" value="284"/></item>
<item name="O6" rev="132">
<attrib name="value" value="296"/></item>
</group>
<group name="RAMB16BWER_RAMB16BWER">
<item name="ADDRA0" rev="132">
<attrib name="value" value="1"/></item>
<item name="ADDRA1" rev="132">
<attrib name="value" value="1"/></item>
<item name="ADDRA10" rev="132">
<attrib name="value" value="1"/></item>
<item name="ADDRA11" rev="132">
<attrib name="value" value="1"/></item>
<item name="ADDRA12" rev="132">
<attrib name="value" value="1"/></item>
<item name="ADDRA13" rev="132">
<attrib name="value" value="1"/></item>
<item name="ADDRA2" rev="132">
<attrib name="value" value="1"/></item>
<item name="ADDRA3" rev="132">
<attrib name="value" value="1"/></item>
<item name="ADDRA4" rev="132">
<attrib name="value" value="1"/></item>
<item name="ADDRA5" rev="132">
<attrib name="value" value="1"/></item>
<item name="ADDRA6" rev="132">
<attrib name="value" value="1"/></item>
<item name="ADDRA7" rev="132">
<attrib name="value" value="1"/></item>
<item name="ADDRA8" rev="132">
<attrib name="value" value="1"/></item>
<item name="ADDRA9" rev="132">
<attrib name="value" value="1"/></item>
<item name="ADDRB0" rev="132">
<attrib name="value" value="1"/></item>
<item name="ADDRB1" rev="132">
<attrib name="value" value="1"/></item>
<item name="ADDRB10" rev="132">
<attrib name="value" value="1"/></item>
<item name="ADDRB11" rev="132">
<attrib name="value" value="1"/></item>
<item name="ADDRB12" rev="132">
<attrib name="value" value="1"/></item>
<item name="ADDRB13" rev="132">
<attrib name="value" value="1"/></item>
<item name="ADDRB2" rev="132">
<attrib name="value" value="1"/></item>
<item name="ADDRB3" rev="132">
<attrib name="value" value="1"/></item>
<item name="ADDRB4" rev="132">
<attrib name="value" value="1"/></item>
<item name="ADDRB5" rev="132">
<attrib name="value" value="1"/></item>
<item name="ADDRB6" rev="132">
<attrib name="value" value="1"/></item>
<item name="ADDRB7" rev="132">
<attrib name="value" value="1"/></item>
<item name="ADDRB8" rev="132">
<attrib name="value" value="1"/></item>
<item name="ADDRB9" rev="132">
<attrib name="value" value="1"/></item>
<item name="CLKA" rev="132">
<attrib name="value" value="1"/></item>
<item name="CLKB" rev="132">
<attrib name="value" value="1"/></item>
<item name="DIA0" rev="132">
<attrib name="value" value="1"/></item>
<item name="DIA1" rev="132">
<attrib name="value" value="1"/></item>
<item name="DIA10" rev="132">
<attrib name="value" value="1"/></item>
<item name="DIA11" rev="132">
<attrib name="value" value="1"/></item>
<item name="DIA12" rev="132">
<attrib name="value" value="1"/></item>
<item name="DIA13" rev="132">
<attrib name="value" value="1"/></item>
<item name="DIA14" rev="132">
<attrib name="value" value="1"/></item>
<item name="DIA15" rev="132">
<attrib name="value" value="1"/></item>
<item name="DIA16" rev="132">
<attrib name="value" value="1"/></item>
<item name="DIA17" rev="132">
<attrib name="value" value="1"/></item>
<item name="DIA18" rev="132">
<attrib name="value" value="1"/></item>
<item name="DIA19" rev="132">
<attrib name="value" value="1"/></item>
<item name="DIA2" rev="132">
<attrib name="value" value="1"/></item>
<item name="DIA20" rev="132">
<attrib name="value" value="1"/></item>
<item name="DIA21" rev="132">
<attrib name="value" value="1"/></item>
<item name="DIA22" rev="132">
<attrib name="value" value="1"/></item>
<item name="DIA23" rev="132">
<attrib name="value" value="1"/></item>
<item name="DIA24" rev="132">
<attrib name="value" value="1"/></item>
<item name="DIA25" rev="132">
<attrib name="value" value="1"/></item>
<item name="DIA26" rev="132">
<attrib name="value" value="1"/></item>
<item name="DIA27" rev="132">
<attrib name="value" value="1"/></item>
<item name="DIA28" rev="132">
<attrib name="value" value="1"/></item>
<item name="DIA29" rev="132">
<attrib name="value" value="1"/></item>
<item name="DIA3" rev="132">
<attrib name="value" value="1"/></item>
<item name="DIA30" rev="132">
<attrib name="value" value="1"/></item>
<item name="DIA31" rev="132">
<attrib name="value" value="1"/></item>
<item name="DIA4" rev="132">
<attrib name="value" value="1"/></item>
<item name="DIA5" rev="132">
<attrib name="value" value="1"/></item>
<item name="DIA6" rev="132">
<attrib name="value" value="1"/></item>
<item name="DIA7" rev="132">
<attrib name="value" value="1"/></item>
<item name="DIA8" rev="132">
<attrib name="value" value="1"/></item>
<item name="DIA9" rev="132">
<attrib name="value" value="1"/></item>
<item name="DIB0" rev="132">
<attrib name="value" value="1"/></item>
<item name="DIB1" rev="132">
<attrib name="value" value="1"/></item>
<item name="DIB10" rev="132">
<attrib name="value" value="1"/></item>
<item name="DIB11" rev="132">
<attrib name="value" value="1"/></item>
<item name="DIB12" rev="132">
<attrib name="value" value="1"/></item>
<item name="DIB13" rev="132">
<attrib name="value" value="1"/></item>
<item name="DIB14" rev="132">
<attrib name="value" value="1"/></item>
<item name="DIB15" rev="132">
<attrib name="value" value="1"/></item>
<item name="DIB16" rev="132">
<attrib name="value" value="1"/></item>
<item name="DIB17" rev="132">
<attrib name="value" value="1"/></item>
<item name="DIB18" rev="132">
<attrib name="value" value="1"/></item>
<item name="DIB19" rev="132">
<attrib name="value" value="1"/></item>
<item name="DIB2" rev="132">
<attrib name="value" value="1"/></item>
<item name="DIB20" rev="132">
<attrib name="value" value="1"/></item>
<item name="DIB21" rev="132">
<attrib name="value" value="1"/></item>
<item name="DIB22" rev="132">
<attrib name="value" value="1"/></item>
<item name="DIB23" rev="132">
<attrib name="value" value="1"/></item>
<item name="DIB24" rev="132">
<attrib name="value" value="1"/></item>
<item name="DIB25" rev="132">
<attrib name="value" value="1"/></item>
<item name="DIB26" rev="132">
<attrib name="value" value="1"/></item>
<item name="DIB27" rev="132">
<attrib name="value" value="1"/></item>
<item name="DIB28" rev="132">
<attrib name="value" value="1"/></item>
<item name="DIB29" rev="132">
<attrib name="value" value="1"/></item>
<item name="DIB3" rev="132">
<attrib name="value" value="1"/></item>
<item name="DIB30" rev="132">
<attrib name="value" value="1"/></item>
<item name="DIB31" rev="132">
<attrib name="value" value="1"/></item>
<item name="DIB4" rev="132">
<attrib name="value" value="1"/></item>
<item name="DIB5" rev="132">
<attrib name="value" value="1"/></item>
<item name="DIB6" rev="132">
<attrib name="value" value="1"/></item>
<item name="DIB7" rev="132">
<attrib name="value" value="1"/></item>
<item name="DIB8" rev="132">
<attrib name="value" value="1"/></item>
<item name="DIB9" rev="132">
<attrib name="value" value="1"/></item>
<item name="DIPA0" rev="132">
<attrib name="value" value="1"/></item>
<item name="DIPA1" rev="132">
<attrib name="value" value="1"/></item>
<item name="DIPA2" rev="132">
<attrib name="value" value="1"/></item>
<item name="DIPA3" rev="132">
<attrib name="value" value="1"/></item>
<item name="DIPB0" rev="132">
<attrib name="value" value="1"/></item>
<item name="DIPB1" rev="132">
<attrib name="value" value="1"/></item>
<item name="DIPB2" rev="132">
<attrib name="value" value="1"/></item>
<item name="DIPB3" rev="132">
<attrib name="value" value="1"/></item>
<item name="DOA0" rev="132">
<attrib name="value" value="1"/></item>
<item name="DOA1" rev="132">
<attrib name="value" value="1"/></item>
<item name="DOA10" rev="132">
<attrib name="value" value="1"/></item>
<item name="DOA11" rev="132">
<attrib name="value" value="1"/></item>
<item name="DOA12" rev="132">
<attrib name="value" value="1"/></item>
<item name="DOA13" rev="132">
<attrib name="value" value="1"/></item>
<item name="DOA14" rev="132">
<attrib name="value" value="1"/></item>
<item name="DOA2" rev="132">
<attrib name="value" value="1"/></item>
<item name="DOA3" rev="132">
<attrib name="value" value="1"/></item>
<item name="DOA4" rev="132">
<attrib name="value" value="1"/></item>
<item name="DOA5" rev="132">
<attrib name="value" value="1"/></item>
<item name="DOA6" rev="132">
<attrib name="value" value="1"/></item>
<item name="DOA7" rev="132">
<attrib name="value" value="1"/></item>
<item name="DOA8" rev="132">
<attrib name="value" value="1"/></item>
<item name="DOA9" rev="132">
<attrib name="value" value="1"/></item>
<item name="DOPA0" rev="132">
<attrib name="value" value="1"/></item>
<item name="ENA" rev="132">
<attrib name="value" value="1"/></item>
<item name="ENB" rev="132">
<attrib name="value" value="1"/></item>
<item name="REGCEA" rev="132">
<attrib name="value" value="1"/></item>
<item name="REGCEB" rev="132">
<attrib name="value" value="1"/></item>
<item name="RSTA" rev="132">
<attrib name="value" value="1"/></item>
<item name="RSTB" rev="132">
<attrib name="value" value="1"/></item>
<item name="WEA0" rev="132">
<attrib name="value" value="1"/></item>
<item name="WEA1" rev="132">
<attrib name="value" value="1"/></item>
<item name="WEA2" rev="132">
<attrib name="value" value="1"/></item>
<item name="WEA3" rev="132">
<attrib name="value" value="1"/></item>
<item name="WEB0" rev="132">
<attrib name="value" value="1"/></item>
<item name="WEB1" rev="132">
<attrib name="value" value="1"/></item>
<item name="WEB2" rev="132">
<attrib name="value" value="1"/></item>
<item name="WEB3" rev="132">
<attrib name="value" value="1"/></item>
</group>
<group name="SELMUX2_1">
<item name="0" rev="132">
<attrib name="value" value="15"/></item>
<item name="1" rev="132">
<attrib name="value" value="15"/></item>
<item name="OUT" rev="132">
<attrib name="value" value="15"/></item>
<item name="S0" rev="132">
<attrib name="value" value="15"/></item>
</group>
<group name="INVERTER">
<item name="IN" rev="4">
<attrib name="value" value="1"/></item>
<item name="OUT" rev="4">
<attrib name="value" value="1"/></item>
</group>
<group name="IOB_IMUX">
<item name="I" rev="132">
<attrib name="value" value="5"/></item>
<item name="OUT" rev="132">
<attrib name="value" value="5"/></item>
</group>
<group name="IOB">
<item name="I" rev="132">
<attrib name="value" value="5"/></item>
<item name="O" rev="132">
<attrib name="value" value="12"/></item>
<item name="PAD" rev="132">
<attrib name="value" value="17"/></item>
</group>
<group name="HARD0">
<item name="0" rev="132">
<attrib name="value" value="2"/></item>
</group>
<group name="HARD1">
<item name="1" rev="132">
<attrib name="value" value="10"/></item>
</group>
<group name="FF_SR">
<item name="CE" rev="132">
<attrib name="value" value="5"/></item>
<item name="CK" rev="132">
<attrib name="value" value="41"/></item>
<item name="D" rev="132">
<attrib name="value" value="41"/></item>
<item name="Q" rev="132">
<attrib name="value" value="41"/></item>
<item name="SR" rev="132">
<attrib name="value" value="22"/></item>
</group>
<group name="BUFG">
<item name="I0" rev="132">
<attrib name="value" value="2"/></item>
<item name="O" rev="132">
<attrib name="value" value="2"/></item>
</group>
<group name="RAMB8BWER_RAMB8BWER">
<item name="ADDRAWRADDR0" rev="25">
<attrib name="value" value="1"/></item>
<item name="ADDRAWRADDR1" rev="25">
<attrib name="value" value="1"/></item>
<item name="ADDRAWRADDR10" rev="25">
<attrib name="value" value="1"/></item>
<item name="ADDRAWRADDR11" rev="25">
<attrib name="value" value="1"/></item>
<item name="ADDRAWRADDR12" rev="25">
<attrib name="value" value="1"/></item>
<item name="ADDRAWRADDR2" rev="25">
<attrib name="value" value="1"/></item>
<item name="ADDRAWRADDR3" rev="25">
<attrib name="value" value="1"/></item>
<item name="ADDRAWRADDR4" rev="25">
<attrib name="value" value="1"/></item>
<item name="ADDRAWRADDR5" rev="25">
<attrib name="value" value="1"/></item>
<item name="ADDRAWRADDR6" rev="25">
<attrib name="value" value="1"/></item>
<item name="ADDRAWRADDR7" rev="25">
<attrib name="value" value="1"/></item>
<item name="ADDRAWRADDR8" rev="25">
<attrib name="value" value="1"/></item>
<item name="ADDRAWRADDR9" rev="25">
<attrib name="value" value="1"/></item>
<item name="ADDRBRDADDR0" rev="25">
<attrib name="value" value="1"/></item>
<item name="ADDRBRDADDR1" rev="25">
<attrib name="value" value="1"/></item>
<item name="ADDRBRDADDR10" rev="25">
<attrib name="value" value="1"/></item>
<item name="ADDRBRDADDR11" rev="25">
<attrib name="value" value="1"/></item>
<item name="ADDRBRDADDR12" rev="25">
<attrib name="value" value="1"/></item>
<item name="ADDRBRDADDR2" rev="25">
<attrib name="value" value="1"/></item>
<item name="ADDRBRDADDR3" rev="25">
<attrib name="value" value="1"/></item>
<item name="ADDRBRDADDR4" rev="25">
<attrib name="value" value="1"/></item>
<item name="ADDRBRDADDR5" rev="25">
<attrib name="value" value="1"/></item>
<item name="ADDRBRDADDR6" rev="25">
<attrib name="value" value="1"/></item>
<item name="ADDRBRDADDR7" rev="25">
<attrib name="value" value="1"/></item>
<item name="ADDRBRDADDR8" rev="25">
<attrib name="value" value="1"/></item>
<item name="ADDRBRDADDR9" rev="25">
<attrib name="value" value="1"/></item>
<item name="CLKAWRCLK" rev="25">
<attrib name="value" value="1"/></item>
<item name="CLKBRDCLK" rev="25">
<attrib name="value" value="1"/></item>
<item name="DIADI0" rev="25">
<attrib name="value" value="1"/></item>
<item name="DIADI1" rev="25">
<attrib name="value" value="1"/></item>
<item name="DIADI10" rev="25">
<attrib name="value" value="1"/></item>
<item name="DIADI11" rev="25">
<attrib name="value" value="1"/></item>
<item name="DIADI12" rev="25">
<attrib name="value" value="1"/></item>
<item name="DIADI13" rev="25">
<attrib name="value" value="1"/></item>
<item name="DIADI14" rev="25">
<attrib name="value" value="1"/></item>
<item name="DIADI15" rev="25">
<attrib name="value" value="1"/></item>
<item name="DIADI2" rev="25">
<attrib name="value" value="1"/></item>
<item name="DIADI3" rev="25">
<attrib name="value" value="1"/></item>
<item name="DIADI4" rev="25">
<attrib name="value" value="1"/></item>
<item name="DIADI5" rev="25">
<attrib name="value" value="1"/></item>
<item name="DIADI6" rev="25">
<attrib name="value" value="1"/></item>
<item name="DIADI7" rev="25">
<attrib name="value" value="1"/></item>
<item name="DIADI8" rev="25">
<attrib name="value" value="1"/></item>
<item name="DIADI9" rev="25">
<attrib name="value" value="1"/></item>
<item name="DIBDI0" rev="25">
<attrib name="value" value="1"/></item>
<item name="DIBDI1" rev="25">
<attrib name="value" value="1"/></item>
<item name="DIBDI10" rev="25">
<attrib name="value" value="1"/></item>
<item name="DIBDI11" rev="25">
<attrib name="value" value="1"/></item>
<item name="DIBDI12" rev="25">
<attrib name="value" value="1"/></item>
<item name="DIBDI13" rev="25">
<attrib name="value" value="1"/></item>
<item name="DIBDI14" rev="25">
<attrib name="value" value="1"/></item>
<item name="DIBDI15" rev="25">
<attrib name="value" value="1"/></item>
<item name="DIBDI2" rev="25">
<attrib name="value" value="1"/></item>
<item name="DIBDI3" rev="25">
<attrib name="value" value="1"/></item>
<item name="DIBDI4" rev="25">
<attrib name="value" value="1"/></item>
<item name="DIBDI5" rev="25">
<attrib name="value" value="1"/></item>
<item name="DIBDI6" rev="25">
<attrib name="value" value="1"/></item>
<item name="DIBDI7" rev="25">
<attrib name="value" value="1"/></item>
<item name="DIBDI8" rev="25">
<attrib name="value" value="1"/></item>
<item name="DIBDI9" rev="25">
<attrib name="value" value="1"/></item>
<item name="DIPADIP0" rev="25">
<attrib name="value" value="1"/></item>
<item name="DIPADIP1" rev="25">
<attrib name="value" value="1"/></item>
<item name="DIPBDIP0" rev="25">
<attrib name="value" value="1"/></item>
<item name="DIPBDIP1" rev="25">
<attrib name="value" value="1"/></item>
<item name="DOADO0" rev="25">
<attrib name="value" value="1"/></item>
<item name="DOADO1" rev="25">
<attrib name="value" value="1"/></item>
<item name="ENAWREN" rev="25">
<attrib name="value" value="1"/></item>
<item name="ENBRDEN" rev="25">
<attrib name="value" value="1"/></item>
<item name="REGCEA" rev="25">
<attrib name="value" value="1"/></item>
<item name="REGCEBREGCE" rev="25">
<attrib name="value" value="1"/></item>
<item name="RSTA" rev="25">
<attrib name="value" value="1"/></item>
<item name="RSTBRST" rev="25">
<attrib name="value" value="1"/></item>
<item name="WEAWEL0" rev="25">
<attrib name="value" value="1"/></item>
<item name="WEAWEL1" rev="25">
<attrib name="value" value="1"/></item>
<item name="WEBWEU0" rev="25">
<attrib name="value" value="1"/></item>
<item name="WEBWEU1" rev="25">
<attrib name="value" value="1"/></item>
</group>
</ReportPinData>
<CmdHistory>
</CmdHistory>
</DeviceUsageSummary>
